学校,考试方式,院系所,专业,研究方向,政治,外语,业务课1,业务课2
(10695)西藏民族大学,统考,(011)马克思主义学院,(010101)马克思主义哲学,不区分方向,                (101)思想政治理论                ,(201)英语（一）                 ,(611)中国哲学史                 ,(821)马克思主义哲学基本原理                 
(10695)西藏民族大学,统考,(011)马克思主义学院,(010102)中国哲学,不区分方向,                (101)思想政治理论                ,(201)英语（一）                 ,(611)中国哲学史                 ,(821)马克思主义哲学基本原理                 
(10695)西藏民族大学,统考,(011)马克思主义学院,(010107)宗教学,不区分方向,                (101)思想政治理论                ,(201)英语（一）                 ,(611)中国哲学史                 ,(821)马克思主义哲学基本原理                 
(10694)西藏大学,统考,(006)经济与管理学院,(020202)区域经济学,不区分方向,                (101)思想政治理论                ,(201)英语（一）                 ,(303)数学（三）                 ,(847)经济学基础                 
(10694)西藏大学,统考,(006)经济与管理学院,(020205)产业经济学,不区分方向,                (101)思想政治理论                ,(201)英语（一）                 ,(303)数学（三）                 ,(847)经济学基础                 
(10694)西藏大学,统考,(006)经济与管理学院,(020206)国际贸易学,不区分方向,                (101)思想政治理论                ,(201)英语（一）                 ,(303)数学（三）                 ,(847)经济学基础                 
(10694)西藏大学,统考,(010)财经学院,(020203)财政学,不区分方向,                (101)思想政治理论                ,(201)英语（一）                 ,(303)数学（三）                 ,(856)经济学综合                 
(10694)西藏大学,统考,(010)财经学院,(020204)金融学,不区分方向,                (101)思想政治理论                ,(201)英语（一）                 ,(303)数学（三）                 ,(856)经济学综合                 
(10695)西藏民族大学,统考,(008)财经学院,(020203)财政学,不区分方向,                (101)思想政治理论                ,(201)英语（一）                 ,(303)数学（三）                 ,(923)西方经济学                 
(10695)西藏民族大学,统考,(008)财经学院,(020205)产业经济学,不区分方向,                (101)思想政治理论                ,(201)英语（一）                 ,(303)数学（三）                 ,(923)西方经济学                 
(10695)西藏民族大学,统考,(008)财经学院,(020208)统计学,不区分方向,                (101)思想政治理论                ,(201)英语（一）                 ,(303)数学（三）                 ,(923)西方经济学                 
(10694)西藏大学,统考,(010)财经学院,(025100)(专业学位)金融,不区分方向,                (101)思想政治理论                ,(204)英语（二）                 ,(396)经济类综合能力                 ,(431)金融学综合                 
(10695)西藏民族大学,统考,(008)财经学院,(025100)(专业学位)金融,不区分方向,                (101)思想政治理论                ,(204)英语（二）                 ,(396)经济类综合能力                 ,(431)金融学综合                 
(10695)西藏民族大学,统考,(008)财经学院,(025100)(专业学位)金融,不区分方向,                (101)思想政治理论                ,(204)英语（二）                 ,(396)经济类综合能力                 ,(431)金融学综合                 
(10695)西藏民族大学,统考,(008)财经学院,(025300)(专业学位)税务,不区分方向,                (101)思想政治理论                ,(204)英语（二）                 ,(396)经济类综合能力                 ,(433)税务专业基础                 
(10695)西藏民族大学,统考,(008)财经学院,(025300)(专业学位)税务,不区分方向,                (101)思想政治理论                ,(204)英语（二）                 ,(396)经济类综合能力                 ,(433)税务专业基础                 
(10694)西藏大学,统考,(007)政法学院,(030101)法学理论,不区分方向,                (101)思想政治理论                ,(201)英语（一）                 ,(632)法理学                 ,(850)法学概论                 
(10694)西藏大学,统考,(007)政法学院,(030101)法学理论,不区分方向,                (101)思想政治理论                ,(201)英语（一）                 ,(632)法理学                 ,(850)法学概论                 
(10694)西藏大学,统考,(007)政法学院,(030101)法学理论,不区分方向,                (101)思想政治理论                ,(201)英语（一）                 ,(632)法理学                 ,(850)法学概论                 
(10694)西藏大学,统考,(007)政法学院,(030103)宪法学与行政法学,不区分方向,                (101)思想政治理论                ,(201)英语（一）                 ,(632)法理学                 ,(850)法学概论                 
(10694)西藏大学,统考,(007)政法学院,(030103)宪法学与行政法学,不区分方向,                (101)思想政治理论                ,(201)英语（一）                 ,(632)法理学                 ,(850)法学概论                 
(10694)西藏大学,统考,(007)政法学院,(030103)宪法学与行政法学,不区分方向,                (101)思想政治理论                ,(201)英语（一）                 ,(632)法理学                 ,(850)法学概论                 
(10694)西藏大学,统考,(007)政法学院,(030105)民商法学,不区分方向,                (101)思想政治理论                ,(201)英语（一）                 ,(632)法理学                 ,(850)法学概论                 
(10694)西藏大学,统考,(007)政法学院,(030105)民商法学,不区分方向,                (101)思想政治理论                ,(201)英语（一）                 ,(632)法理学                 ,(850)法学概论                 
(10694)西藏大学,统考,(007)政法学院,(030105)民商法学,不区分方向,                (101)思想政治理论                ,(201)英语（一）                 ,(632)法理学                 ,(850)法学概论                 
(10694)西藏大学,统考,(007)政法学院,(030105)民商法学,不区分方向,                (101)思想政治理论                ,(201)英语（一）                 ,(632)法理学                 ,(850)法学概论                 
(10694)西藏大学,统考,(007)政法学院,(030105)民商法学,不区分方向,                (101)思想政治理论                ,(201)英语（一）                 ,(632)法理学                 ,(850)法学概论                 
(10694)西藏大学,统考,(007)政法学院,(030108)环境与资源保护法学,不区分方向,                (101)思想政治理论                ,(201)英语（一）                 ,(632)法理学                 ,(850)法学概论                 
(10694)西藏大学,统考,(007)政法学院,(030108)环境与资源保护法学,不区分方向,                (101)思想政治理论                ,(201)英语（一）                 ,(632)法理学                 ,(850)法学概论                 
(10694)西藏大学,统考,(007)政法学院,(030108)环境与资源保护法学,不区分方向,                (101)思想政治理论                ,(201)英语（一）                 ,(632)法理学                 ,(850)法学概论                 
(10694)西藏大学,统考,(007)政法学院,(030108)环境与资源保护法学,不区分方向,                (101)思想政治理论                ,(201)英语（一）                 ,(632)法理学                 ,(850)法学概论                 
(10694)西藏大学,统考,(007)政法学院,(030108)环境与资源保护法学,不区分方向,                (101)思想政治理论                ,(201)英语（一）                 ,(632)法理学                 ,(850)法学概论                 
(10695)西藏民族大学,统考,(002)法学院,(030103)宪法学与行政法学,不区分方向,                (101)思想政治理论                ,(201)英语（一）                 ,(671)法学基础                 ,(851)法学综合                 
(10695)西藏民族大学,统考,(002)法学院,(030105)民商法学,不区分方向,                (101)思想政治理论                ,(201)英语（一）                 ,(671)法学基础                 ,(851)法学综合                 
(10695)西藏民族大学,统考,(002)法学院,(030106)诉讼法学,不区分方向,                (101)思想政治理论                ,(201)英语（一）                 ,(671)法学基础                 ,(851)法学综合                 
(10695)西藏民族大学,统考,(002)法学院,(030107)经济法学,不区分方向,                (101)思想政治理论                ,(201)英语（一）                 ,(671)法学基础                 ,(851)法学综合                 
(10694)西藏大学,统考,(001)文学院,(030401)民族学,不区分方向,                (101)思想政治理论                ,(201)英语（一）                 ,(611)现代汉语与藏语文（各占50%）（一）                 ,(801)民族学（藏学）                 
(10694)西藏大学,统考,(001)文学院,(030401)民族学,不区分方向,                (101)思想政治理论                ,(201)英语（一）                 ,(611)现代汉语与藏语文（各占50%）（一）                 ,(801)民族学（藏学）                 
(10694)西藏大学,统考,(001)文学院,(030401)民族学,不区分方向,                (101)思想政治理论                ,(201)英语（一）                 ,(611)现代汉语与藏语文（各占50%）（一）                 ,(801)民族学（藏学）                 
(10694)西藏大学,统考,(001)文学院,(030401)民族学,不区分方向,                (101)思想政治理论                ,(201)英语（一）                 ,(611)现代汉语与藏语文（各占50%）（一）                 ,(801)民族学（藏学）                 
(10694)西藏大学,统考,(001)文学院,(030404)中国少数民族史,不区分方向,                (101)思想政治理论                ,(201)英语（一）                 ,(611)现代汉语与藏语文（各占50%）（一）                 ,(802)藏族历史                 
(10694)西藏大学,统考,(001)文学院,(030404)中国少数民族史,不区分方向,                (101)思想政治理论                ,(201)英语（一）                 ,(611)现代汉语与藏语文（各占50%）（一）                 ,(802)藏族历史                 
(10694)西藏大学,统考,(001)文学院,(030404)中国少数民族史,不区分方向,                (101)思想政治理论                ,(201)英语（一）                 ,(611)现代汉语与藏语文（各占50%）（一）                 ,(802)藏族历史                 
(10694)西藏大学,统考,(001)文学院,(030404)中国少数民族史,不区分方向,                (101)思想政治理论                ,(201)英语（一）                 ,(611)现代汉语与藏语文（各占50%）（一）                 ,(802)藏族历史                 
(10694)西藏大学,统考,(001)文学院,(030404)中国少数民族史,不区分方向,                (101)思想政治理论                ,(201)英语（一）                 ,(611)现代汉语与藏语文（各占50%）（一）                 ,(802)藏族历史                 
(10694)西藏大学,统考,(001)文学院,(030404)中国少数民族史,不区分方向,                (101)思想政治理论                ,(201)英语（一）                 ,(611)现代汉语与藏语文（各占50%）（一）                 ,(802)藏族历史                 
(10694)西藏大学,统考,(001)文学院,(030404)中国少数民族史,不区分方向,                (101)思想政治理论                ,(201)英语（一）                 ,(611)现代汉语与藏语文（各占50%）（一）                 ,(802)藏族历史                 
(10694)西藏大学,统考,(002)艺术学院,(030405)中国少数民族艺术,不区分方向,                (101)思想政治理论                ,(201)英语（一）                 ,(621)舞蹈综合理论                 ,(814)舞蹈综合史论                 
(10694)西藏大学,统考,(002)艺术学院,(030405)中国少数民族艺术,不区分方向,                (101)思想政治理论                ,(201)英语（一）                 ,(622)戏剧综合理论                 ,(815)戏剧综合史论                 
(10694)西藏大学,统考,(002)艺术学院,(030405)中国少数民族艺术,不区分方向,                (101)思想政治理论                ,(201)英语（一）                 ,(623)美术综合理论                 ,(816)美术综合史论                 
(10694)西藏大学,统考,(002)艺术学院,(030405)中国少数民族艺术,不区分方向,                (101)思想政治理论                ,(201)英语（一）                 ,(623)美术综合理论                 ,(816)美术综合史论                 
(10694)西藏大学,统考,(006)经济与管理学院,(030403)中国少数民族经济,不区分方向,                (101)思想政治理论                ,(201)英语（一）                 ,(630)业务综合（一）                 ,(847)经济学基础                 
(10694)西藏大学,统考,(007)政法学院,(0304Z1)民族法学,不区分方向,                (101)思想政治理论                ,(201)英语（一）                 ,(632)法理学                 ,(849)民族法学                 
(10694)西藏大学,统考,(007)政法学院,(0304Z1)民族法学,不区分方向,                (101)思想政治理论                ,(201)英语（一）                 ,(632)法理学                 ,(849)民族法学                 
(10694)西藏大学,统考,(007)政法学院,(0304Z1)民族法学,不区分方向,                (101)思想政治理论                ,(201)英语（一）                 ,(632)法理学                 ,(849)民族法学                 
(10694)西藏大学,统考,(009)马克思主义学院,(030402)马克思主义民族理论与政策,不区分方向,                (101)思想政治理论                ,(201)英语（一）                 ,(633)民族学                 ,(853)民族理论与民族政策                 
(10694)西藏大学,统考,(009)马克思主义学院,(030402)马克思主义民族理论与政策,不区分方向,                (101)思想政治理论                ,(201)英语（一）                 ,(633)民族学                 ,(853)民族理论与民族政策                 
(10694)西藏大学,统考,(009)马克思主义学院,(030402)马克思主义民族理论与政策,不区分方向,                (101)思想政治理论                ,(201)英语（一）                 ,(633)民族学                 ,(853)民族理论与民族政策                 
(10695)西藏民族大学,统考,(012)民族研究院,(030401)民族学,不区分方向,                (101)思想政治理论                ,(201)英语（一）                 ,(621)民族学通论                 ,(921)民族学理论与方法                 
(10695)西藏民族大学,统考,(012)民族研究院,(030402)马克思主义民族理论与政策,不区分方向,                (101)思想政治理论                ,(201)英语（一）                 ,(621)民族学通论                 ,(921)民族学理论与方法                 
(10695)西藏民族大学,统考,(012)民族研究院,(030403)中国少数民族经济,不区分方向,                (101)思想政治理论                ,(201)英语（一）                 ,(621)民族学通论                 ,(921)民族学理论与方法                 
(10695)西藏民族大学,统考,(012)民族研究院,(030404)中国少数民族史,不区分方向,                (101)思想政治理论                ,(201)英语（一）                 ,(621)民族学通论                 ,(921)民族学理论与方法                 
(10694)西藏大学,统考,(009)马克思主义学院,(030500)马克思主义理论,不区分方向,                (101)思想政治理论                ,(201)英语（一）                 ,(634)中国化的马克思主义理论                 ,(854)马克思主义基本原理                 
(10694)西藏大学,统考,(009)马克思主义学院,(030500)马克思主义理论,不区分方向,                (101)思想政治理论                ,(201)英语（一）                 ,(634)中国化的马克思主义理论                 ,(854)马克思主义基本原理                 
(10694)西藏大学,统考,(009)马克思主义学院,(030500)马克思主义理论,不区分方向,                (101)思想政治理论                ,(201)英语（一）                 ,(634)中国化的马克思主义理论                 ,(854)马克思主义基本原理                 
(10694)西藏大学,统考,(009)马克思主义学院,(030500)马克思主义理论,不区分方向,                (101)思想政治理论                ,(201)英语（一）                 ,(634)中国化的马克思主义理论                 ,(854)马克思主义基本原理                 
(10695)西藏民族大学,统考,(011)马克思主义学院,(030501)马克思主义基本原理,不区分方向,                (101)思想政治理论                ,(201)英语（一）                 ,(651)马克思主义基本原理                 ,(841)毛泽东思想和中国特色社会主义理论体系概论                 
(10695)西藏民族大学,统考,(011)马克思主义学院,(030503)马克思主义中国化研究,不区分方向,                (101)思想政治理论                ,(201)英语（一）                 ,(651)马克思主义基本原理                 ,(841)毛泽东思想和中国特色社会主义理论体系概论                 
(10695)西藏民族大学,统考,(011)马克思主义学院,(030505)思想政治教育,不区分方向,                (101)思想政治理论                ,(201)英语（一）                 ,(651)马克思主义基本原理                 ,(841)毛泽东思想和中国特色社会主义理论体系概论                 
(10695)西藏民族大学,统考,(011)马克思主义学院,(030506)中国近现代史基本问题研究,不区分方向,                (101)思想政治理论                ,(201)英语（一）                 ,(651)马克思主义基本原理                 ,(841)毛泽东思想和中国特色社会主义理论体系概论                 
(10694)西藏大学,统考,(007)政法学院,(035101)(专业学位)法律（非法学）,不区分方向,                (101)思想政治理论                ,(201)英语（一）                 ,(398)法律硕士专业基础（非法学）                 ,(498)法律硕士综合（非法学）                 
(10694)西藏大学,统考,(007)政法学院,(035101)(专业学位)法律（非法学）,不区分方向,                (101)思想政治理论                ,(201)英语（一）                 ,(398)法律硕士专业基础（非法学）                 ,(498)法律硕士综合（非法学）                 
(10694)西藏大学,统考,(007)政法学院,(035102)(专业学位)法律（法学）,不区分方向,                (101)思想政治理论                ,(201)英语（一）                 ,(397)法律硕士专业基础（法学）                 ,(497)法律硕士综合（法学）                 
(10694)西藏大学,统考,(007)政法学院,(035102)(专业学位)法律（法学）,不区分方向,                (101)思想政治理论                ,(201)英语（一）                 ,(397)法律硕士专业基础（法学）                 ,(497)法律硕士综合（法学）                 
(10695)西藏民族大学,统考,(002)法学院,(035102)(专业学位)法律（法学）,不区分方向,                (101)思想政治理论                ,(201)英语（一）                 ,(397)法律硕士专业基础（法学）                 ,(497)法律硕士综合（法学）                 
(10695)西藏民族大学,统考,(002)法学院,(035102)(专业学位)法律（法学）,不区分方向,                (101)思想政治理论                ,(201)英语（一）                 ,(397)法律硕士专业基础（法学）                 ,(497)法律硕士综合（法学）                 
(10695)西藏民族大学,统考,(002)法学院,(035200)(专业学位)社会工作,不区分方向,                (101)思想政治理论                ,(204)英语（二）                 ,(331)社会工作原理                 ,(437)社会工作实务                 
(10695)西藏民族大学,统考,(002)法学院,(035200)(专业学位)社会工作,不区分方向,                (101)思想政治理论                ,(204)英语（二）                 ,(331)社会工作原理                 ,(437)社会工作实务                 
(10694)西藏大学,统考,(003)理学院,(040102)课程与教学论,不区分方向,                (101)思想政治理论                ,(201)英语（一）                 ,(311)教育学专业基础                 ,(--)无                 
(10694)西藏大学,统考,(008)教育学院,(040101)教育学原理,不区分方向,                (101)思想政治理论                ,(201)英语（一）                 ,(311)教育学专业基础                 ,(--)无                 
(10694)西藏大学,统考,(008)教育学院,(040101)教育学原理,不区分方向,                (101)思想政治理论                ,(201)英语（一）                 ,(311)教育学专业基础                 ,(--)无                 
(10694)西藏大学,统考,(008)教育学院,(040101)教育学原理,不区分方向,                (101)思想政治理论                ,(201)英语（一）                 ,(311)教育学专业基础                 ,(--)无                 
(10694)西藏大学,统考,(008)教育学院,(040102)课程与教学论,不区分方向,                (101)思想政治理论                ,(201)英语（一）                 ,(311)教育学专业基础                 ,(--)无                 
(10694)西藏大学,统考,(008)教育学院,(040102)课程与教学论,不区分方向,                (101)思想政治理论                ,(201)英语（一）                 ,(311)教育学专业基础                 ,(--)无                 
(10694)西藏大学,统考,(008)教育学院,(040106)高等教育学,不区分方向,                (101)思想政治理论                ,(201)英语（一）                 ,(311)教育学专业基础                 ,(--)无                 
(10694)西藏大学,统考,(008)教育学院,(040106)高等教育学,不区分方向,                (101)思想政治理论                ,(201)英语（一）                 ,(311)教育学专业基础                 ,(--)无                 
(10694)西藏大学,统考,(008)教育学院,(040109)特殊教育学,不区分方向,                (101)思想政治理论                ,(201)英语（一）                 ,(311)教育学专业基础                 ,(--)无                 
(10694)西藏大学,统考,(008)教育学院,(0401Z1)教育心理学,不区分方向,                (101)思想政治理论                ,(201)英语（一）                 ,(312)心理学专业基础                 ,(--)无                 
(10694)西藏大学,统考,(008)教育学院,(0401Z1)教育心理学,不区分方向,                (101)思想政治理论                ,(201)英语（一）                 ,(312)心理学专业基础                 ,(--)无                 
(10694)西藏大学,统考,(008)教育学院,(0401Z1)教育心理学,不区分方向,                (101)思想政治理论                ,(201)英语（一）                 ,(312)心理学专业基础                 ,(--)无                 
(10694)西藏大学,统考,(012)旅游与外语学院,(040102)课程与教学论,不区分方向,                (101)思想政治理论                ,(201)英语（一）                 ,(636)英语教学论基础                 ,(--)无                 
(10695)西藏民族大学,统考,(010)教育学院,(040101)教育学原理,不区分方向,                (101)思想政治理论                ,(201)英语（一）                 ,(311)教育学专业基础                 ,(--)无                 
(10695)西藏民族大学,统考,(010)教育学院,(040102)课程与教学论,不区分方向,                (101)思想政治理论                ,(201)英语（一）                 ,(311)教育学专业基础                 ,(--)无                 
(10695)西藏民族大学,统考,(010)教育学院,(040106)高等教育学,不区分方向,                (101)思想政治理论                ,(201)英语（一）                 ,(311)教育学专业基础                 ,(--)无                 
(10695)西藏民族大学,统考,(007)体育学院,(040301)体育人文社会学,不区分方向,                (101)思想政治理论                ,(201)英语（一）                 ,(661)体育基础综合                 ,(--)无                 
(10695)西藏民族大学,统考,(007)体育学院,(040302)运动人体科学,不区分方向,                (101)思想政治理论                ,(201)英语（一）                 ,(661)体育基础综合                 ,(--)无                 
(10695)西藏民族大学,统考,(007)体育学院,(040303)体育教育训练学,不区分方向,                (101)思想政治理论                ,(201)英语（一）                 ,(661)体育基础综合                 ,(--)无                 
(10695)西藏民族大学,统考,(007)体育学院,(040304)民族传统体育学,不区分方向,                (101)思想政治理论                ,(201)英语（一）                 ,(661)体育基础综合                 ,(--)无                 
(10694)西藏大学,统考,(001)文学院,(045103)(专业学位)学科教学（语文）,不区分方向,                (101)思想政治理论                ,(204)英语（二）                 ,(333)教育综合                 ,(813)藏语言文学专业综合能力（藏文）                 
(10694)西藏大学,统考,(003)理学院,(045104)(专业学位)学科教学（数学）,不区分方向,                (101)思想政治理论                ,(204)英语（二）                 ,(333)教育综合                 ,(823)数学教学论                 
(10694)西藏大学,统考,(003)理学院,(045105)(专业学位)学科教学（物理）,不区分方向,                (101)思想政治理论                ,(204)英语（二）                 ,(333)教育综合                 ,(824)中学物理教学论                 
(10694)西藏大学,统考,(003)理学院,(045106)(专业学位)学科教学（化学）,不区分方向,                (101)思想政治理论                ,(204)英语（二）                 ,(333)教育综合                 ,(825)化学教学论                 
(10694)西藏大学,统考,(003)理学院,(045110)(专业学位)学科教学（地理）,不区分方向,                (101)思想政治理论                ,(204)英语（二）                 ,(333)教育综合                 ,(826)自然地理学                 
(10694)西藏大学,统考,(003)理学院,(045120)(专业学位)职业技术教育,不区分方向,                (101)思想政治理论                ,(204)英语（二）                 ,(333)教育综合                 ,(826)自然地理学                 
(10694)西藏大学,统考,(008)教育学院,(045101)(专业学位)教育管理,不区分方向,                (101)思想政治理论                ,(204)英语（二）                 ,(333)教育综合                 ,(851)教育管理学                 
(10694)西藏大学,统考,(008)教育学院,(045112)(专业学位)学科教学（体育）,不区分方向,                (101)思想政治理论                ,(204)英语（二）                 ,(333)教育综合                 ,(852)运动训练学                 
(10694)西藏大学,统考,(009)马克思主义学院,(045102)(专业学位)学科教学（思政）,不区分方向,                (101)思想政治理论                ,(204)英语（二）                 ,(333)教育综合                 ,(855)思想政治教育学原理                 
(10694)西藏大学,统考,(010)财经学院,(045120)(专业学位)职业技术教育,不区分方向,                (101)思想政治理论                ,(204)英语（二）                 ,(333)教育综合                 ,(857)经济学原理                 
(10694)西藏大学,统考,(012)旅游与外语学院,(045108)(专业学位)学科教学（英语）,不区分方向,                (101)思想政治理论                ,(204)英语（二）                 ,(333)教育综合                 ,(861)英语教学专业基础                 
(10694)西藏大学,统考,(012)旅游与外语学院,(045108)(专业学位)学科教学（英语）,不区分方向,                (101)思想政治理论                ,(204)英语（二）                 ,(333)教育综合                 ,(861)英语教学专业基础                 
(10695)西藏民族大学,统考,(010)教育学院,(045103)(专业学位)学科教学（语文）,不区分方向,                (101)思想政治理论                ,(204)英语（二）                 ,(333)教育综合                 ,(812)语文综合                 
(10695)西藏民族大学,统考,(010)教育学院,(045104)(专业学位)学科教学（数学）,不区分方向,                (101)思想政治理论                ,(204)英语（二）                 ,(333)教育综合                 ,(813)数学教育概论                 
(10695)西藏民族大学,统考,(010)教育学院,(045108)(专业学位)学科教学（英语）,不区分方向,                (101)思想政治理论                ,(204)英语（二）                 ,(333)教育综合                 ,(814)英语综合                 
(10695)西藏民族大学,统考,(010)教育学院,(045115)(专业学位)小学教育,不区分方向,                (101)思想政治理论                ,(204)英语（二）                 ,(333)教育综合                 ,(815)小学课程与教学论                 
(10695)西藏民族大学,统考,(007)体育学院,(045201)(专业学位)体育教学,不区分方向,                (101)思想政治理论                ,(204)英语（二）                 ,(346)体育综合                 ,(--)无                 
(10695)西藏民族大学,统考,(007)体育学院,(045202)(专业学位)运动训练,不区分方向,                (101)思想政治理论                ,(204)英语（二）                 ,(346)体育综合                 ,(--)无                 
(10694)西藏大学,统考,(008)教育学院,(045400)(专业学位)应用心理,不区分方向,                (101)思想政治理论                ,(204)英语（二）                 ,(347)心理学专业综合                 ,(--)无                 
(10694)西藏大学,统考,(008)教育学院,(045400)(专业学位)应用心理,不区分方向,                (101)思想政治理论                ,(204)英语（二）                 ,(347)心理学专业综合                 ,(--)无                 
(10694)西藏大学,统考,(008)教育学院,(045400)(专业学位)应用心理,不区分方向,                (101)思想政治理论                ,(204)英语（二）                 ,(347)心理学专业综合                 ,(--)无                 
(10694)西藏大学,统考,(008)教育学院,(045400)(专业学位)应用心理,不区分方向,                (101)思想政治理论                ,(204)英语（二）                 ,(347)心理学专业综合                 ,(--)无                 
(10694)西藏大学,统考,(008)教育学院,(045400)(专业学位)应用心理,不区分方向,                (101)思想政治理论                ,(204)英语（二）                 ,(347)心理学专业综合                 ,(--)无                 
(10694)西藏大学,统考,(001)文学院,(050101)文艺学,不区分方向,                (101)思想政治理论                ,(201)英语（一）                 ,(613)文学概论（汉文）                 ,(803)西方文论（汉文）                 
(10694)西藏大学,统考,(001)文学院,(050101)文艺学,不区分方向,                (101)思想政治理论                ,(201)英语（一）                 ,(613)文学概论（汉文）                 ,(803)西方文论（汉文）                 
(10694)西藏大学,统考,(001)文学院,(050101)文艺学,不区分方向,                (101)思想政治理论                ,(201)英语（一）                 ,(614)藏族文艺学                 ,(804)藏族文学概论                 
(10694)西藏大学,统考,(001)文学院,(050101)文艺学,不区分方向,                (101)思想政治理论                ,(201)英语（一）                 ,(614)藏族文艺学                 ,(804)藏族文学概论                 
(10694)西藏大学,统考,(001)文学院,(050101)文艺学,不区分方向,                (101)思想政治理论                ,(201)英语（一）                 ,(614)藏族文艺学                 ,(804)藏族文学概论                 
(10694)西藏大学,统考,(001)文学院,(050101)文艺学,不区分方向,                (101)思想政治理论                ,(201)英语（一）                 ,(614)藏族文艺学                 ,(804)藏族文学概论                 
(10694)西藏大学,统考,(001)文学院,(050101)文艺学,不区分方向,                (101)思想政治理论                ,(201)英语（一）                 ,(614)藏族文艺学                 ,(804)藏族文学概论                 
(10694)西藏大学,统考,(001)文学院,(050101)文艺学,不区分方向,                (101)思想政治理论                ,(201)英语（一）                 ,(614)藏族文艺学                 ,(804)藏族文学概论                 
(10694)西藏大学,统考,(001)文学院,(050102)语言学及应用语言学,不区分方向,                (101)思想政治理论                ,(201)英语（一）                 ,(615)现代汉语（60%）与藏语文（40%）                 ,(805)古代汉语与语言学概论                 
(10694)西藏大学,统考,(001)文学院,(050102)语言学及应用语言学,不区分方向,                (101)思想政治理论                ,(201)英语（一）                 ,(615)现代汉语（60%）与藏语文（40%）                 ,(805)古代汉语与语言学概论                 
(10694)西藏大学,统考,(001)文学院,(050102)语言学及应用语言学,不区分方向,                (101)思想政治理论                ,(201)英语（一）                 ,(615)现代汉语（60%）与藏语文（40%）                 ,(805)古代汉语与语言学概论                 
(10694)西藏大学,统考,(001)文学院,(050104)中国古典文献学,不区分方向,                (101)思想政治理论                ,(201)英语（一）                 ,(617)藏文文献基础                 ,(806)藏文古典文献研究                 
(10694)西藏大学,统考,(001)文学院,(050104)中国古典文献学,不区分方向,                (101)思想政治理论                ,(201)英语（一）                 ,(617)藏文文献基础                 ,(806)藏文古典文献研究                 
(10694)西藏大学,统考,(001)文学院,(050104)中国古典文献学,不区分方向,                (101)思想政治理论                ,(201)英语（一）                 ,(617)藏文文献基础                 ,(806)藏文古典文献研究                 
(10694)西藏大学,统考,(001)文学院,(050104)中国古典文献学,不区分方向,                (101)思想政治理论                ,(201)英语（一）                 ,(617)藏文文献基础                 ,(806)藏文古典文献研究                 
(10694)西藏大学,统考,(001)文学院,(050105)中国古代文学,不区分方向,                (101)思想政治理论                ,(201)英语（一）                 ,(618)中国文学史                 ,(807)汉语综合                 
(10694)西藏大学,统考,(001)文学院,(050105)中国古代文学,不区分方向,                (101)思想政治理论                ,(201)英语（一）                 ,(618)中国文学史                 ,(807)汉语综合                 
(10694)西藏大学,统考,(001)文学院,(050105)中国古代文学,不区分方向,                (101)思想政治理论                ,(201)英语（一）                 ,(618)中国文学史                 ,(807)汉语综合                 
(10694)西藏大学,统考,(001)文学院,(050105)中国古代文学,不区分方向,                (101)思想政治理论                ,(201)英语（一）                 ,(618)中国文学史                 ,(807)汉语综合                 
(10694)西藏大学,统考,(001)文学院,(050106)中国现当代文学,不区分方向,                (101)思想政治理论                ,(201)英语（一）                 ,(619)中国现当代文学史                 ,(808)现当代文学作品赏析                 
(10694)西藏大学,统考,(001)文学院,(050106)中国现当代文学,不区分方向,                (101)思想政治理论                ,(201)英语（一）                 ,(619)中国现当代文学史                 ,(808)现当代文学作品赏析                 
(10694)西藏大学,统考,(001)文学院,(050106)中国现当代文学,不区分方向,                (101)思想政治理论                ,(201)英语（一）                 ,(619)中国现当代文学史                 ,(808)现当代文学作品赏析                 
(10694)西藏大学,统考,(001)文学院,(050106)中国现当代文学,不区分方向,                (101)思想政治理论                ,(201)英语（一）                 ,(619)中国现当代文学史                 ,(808)现当代文学作品赏析                 
(10694)西藏大学,统考,(001)文学院,(050107)中国少数民族语言文学,不区分方向,                (101)思想政治理论                ,(201)英语（一）                 ,(620)藏语言文学基础卷                 ,(809)藏语言文学卷                 
(10694)西藏大学,统考,(001)文学院,(050107)中国少数民族语言文学,不区分方向,                (101)思想政治理论                ,(201)英语（一）                 ,(620)藏语言文学基础卷                 ,(809)藏语言文学卷                 
(10694)西藏大学,统考,(001)文学院,(050107)中国少数民族语言文学,不区分方向,                (101)思想政治理论                ,(201)英语（一）                 ,(620)藏语言文学基础卷                 ,(809)藏语言文学卷                 
(10694)西藏大学,统考,(001)文学院,(050107)中国少数民族语言文学,不区分方向,                (101)思想政治理论                ,(201)英语（一）                 ,(620)藏语言文学基础卷                 ,(809)藏语言文学卷                 
(10694)西藏大学,统考,(001)文学院,(050107)中国少数民族语言文学,不区分方向,                (101)思想政治理论                ,(201)英语（一）                 ,(620)藏语言文学基础卷                 ,(809)藏语言文学卷                 
(10694)西藏大学,统考,(001)文学院,(050107)中国少数民族语言文学,不区分方向,                (101)思想政治理论                ,(201)英语（一）                 ,(620)藏语言文学基础卷                 ,(809)藏语言文学卷                 
(10694)西藏大学,统考,(001)文学院,(050107)中国少数民族语言文学,不区分方向,                (101)思想政治理论                ,(201)英语（一）                 ,(620)藏语言文学基础卷                 ,(810)藏语言文字卷                 
(10694)西藏大学,统考,(001)文学院,(050107)中国少数民族语言文学,不区分方向,                (101)思想政治理论                ,(201)英语（一）                 ,(620)藏语言文学基础卷                 ,(810)藏语言文字卷                 
(10694)西藏大学,统考,(001)文学院,(050107)中国少数民族语言文学,不区分方向,                (101)思想政治理论                ,(201)英语（一）                 ,(620)藏语言文学基础卷                 ,(810)藏语言文字卷                 
(10694)西藏大学,统考,(001)文学院,(050107)中国少数民族语言文学,不区分方向,                (101)思想政治理论                ,(201)英语（一）                 ,(620)藏语言文学基础卷                 ,(810)藏语言文字卷                 
(10694)西藏大学,统考,(001)文学院,(050107)中国少数民族语言文学,不区分方向,                (101)思想政治理论                ,(201)英语（一）                 ,(620)藏语言文学基础卷                 ,(810)藏语言文字卷                 
(10694)西藏大学,统考,(001)文学院,(050107)中国少数民族语言文学,不区分方向,                (101)思想政治理论                ,(201)英语（一）                 ,(620)藏语言文学基础卷                 ,(810)藏语言文字卷                 
(10694)西藏大学,统考,(001)文学院,(050107)中国少数民族语言文学,不区分方向,                (101)思想政治理论                ,(201)英语（一）                 ,(620)藏语言文学基础卷                 ,(811)汉藏翻译卷                 
(10694)西藏大学,统考,(001)文学院,(050107)中国少数民族语言文学,不区分方向,                (101)思想政治理论                ,(201)英语（一）                 ,(620)藏语言文学基础卷                 ,(812)藏语言文学与因明佛教文化卷                 
(10694)西藏大学,统考,(011)信息科学技术学院,(050107)中国少数民族语言文学,不区分方向,                (101)思想政治理论                ,(201)英语（一）                 ,(635)现代汉语与藏语文（各占50%）（二）                 ,(858)计算机基础综合                 
(10695)西藏民族大学,统考,(003)文学院,(050101)文艺学,不区分方向,                (101)思想政治理论                ,(201)英语（一）                 ,(631)语言与写作                 ,(811)文学综合                 
(10695)西藏民族大学,统考,(003)文学院,(050103)汉语言文字学,不区分方向,                (101)思想政治理论                ,(201)英语（一）                 ,(631)语言与写作                 ,(811)文学综合                 
(10695)西藏民族大学,统考,(003)文学院,(050104)中国古典文献学,不区分方向,                (101)思想政治理论                ,(201)英语（一）                 ,(631)语言与写作                 ,(811)文学综合                 
(10695)西藏民族大学,统考,(003)文学院,(050105)中国古代文学,不区分方向,                (101)思想政治理论                ,(201)英语（一）                 ,(631)语言与写作                 ,(811)文学综合                 
(10695)西藏民族大学,统考,(003)文学院,(050106)中国现当代文学,不区分方向,                (101)思想政治理论                ,(201)英语（一）                 ,(631)语言与写作                 ,(811)文学综合                 
(10695)西藏民族大学,统考,(003)文学院,(050108)比较文学与世界文学,不区分方向,                (101)思想政治理论                ,(201)英语（一）                 ,(631)语言与写作                 ,(811)文学综合                 
(10695)西藏民族大学,统考,(005)新闻传播学院,(050300)新闻传播学,不区分方向,                (101)思想政治理论                ,(201)英语（一）                 ,(617)新闻传播史论                 ,(920)新闻传播实务                 
(10695)西藏民族大学,统考,(005)新闻传播学院,(050300)新闻传播学,不区分方向,                (101)思想政治理论                ,(201)英语（一）                 ,(617)新闻传播史论                 ,(920)新闻传播实务                 
(10695)西藏民族大学,统考,(005)新闻传播学院,(050300)新闻传播学,不区分方向,                (101)思想政治理论                ,(201)英语（一）                 ,(617)新闻传播史论                 ,(920)新闻传播实务                 
(10694)西藏大学,统考,(012)旅游与外语学院,(055101)(专业学位)英语笔译,不区分方向,                (101)思想政治理论                ,(211)翻译硕士英语                 ,(357)英语翻译基础                 ,(448)汉语写作与百科知识                 
(10695)西藏民族大学,统考,(001)外语学院,(055101)(专业学位)英语笔译,不区分方向,                (101)思想政治理论                ,(211)翻译硕士英语                 ,(357)英语翻译基础                 ,(448)汉语写作与百科知识                 
(10694)西藏大学,统考,(001)文学院,(055200)(专业学位)新闻与传播,不区分方向,                (101)思想政治理论                ,(204)英语（二）                 ,(334)新闻与传播专业综合能力                 ,(440)新闻与传播专业基础                 
(10695)西藏民族大学,统考,(005)新闻传播学院,(055200)(专业学位)新闻与传播,不区分方向,                (101)思想政治理论                ,(204)英语（二）                 ,(334)新闻与传播专业综合能力                 ,(440)新闻与传播专业基础                 
(10695)西藏民族大学,统考,(005)新闻传播学院,(055200)(专业学位)新闻与传播,不区分方向,                (101)思想政治理论                ,(204)英语（二）                 ,(334)新闻与传播专业综合能力                 ,(440)新闻与传播专业基础                 
(10695)西藏民族大学,统考,(012)民族研究院,(060200)中国史,不区分方向,                (101)思想政治理论                ,(201)英语（一）                 ,(313)历史学专业基础                 ,(--)无                 
(10695)西藏民族大学,统考,(012)民族研究院,(060200)中国史,不区分方向,                (101)思想政治理论                ,(201)英语（一）                 ,(313)历史学专业基础                 ,(--)无                 
(10695)西藏民族大学,统考,(012)民族研究院,(060200)中国史,不区分方向,                (101)思想政治理论                ,(201)英语（一）                 ,(313)历史学专业基础                 ,(--)无                 
(10695)西藏民族大学,统考,(012)民族研究院,(060200)中国史,不区分方向,                (101)思想政治理论                ,(201)英语（一）                 ,(313)历史学专业基础                 ,(--)无                 
(10695)西藏民族大学,统考,(012)民族研究院,(065101)(专业学位)考古学,不区分方向,                (101)思想政治理论                ,(204)英语（二）                 ,(348)文博综合                 ,(--)无                 
(10695)西藏民族大学,统考,(012)民族研究院,(065103)(专业学位)文化遗产,不区分方向,                (101)思想政治理论                ,(204)英语（二）                 ,(348)文博综合                 ,(--)无                 
(10695)西藏民族大学,统考,(012)民族研究院,(065104)(专业学位)文物保护,不区分方向,                (101)思想政治理论                ,(204)英语（二）                 ,(348)文博综合                 ,(--)无                 
(10694)西藏大学,统考,(003)理学院,(070100)数学,不区分方向,                (101)思想政治理论                ,(201)英语（一）                 ,(601)数学分析                 ,(827)高等代数                 
(10694)西藏大学,统考,(003)理学院,(070100)数学,不区分方向,                (101)思想政治理论                ,(201)英语（一）                 ,(601)数学分析                 ,(827)高等代数                 
(10694)西藏大学,统考,(003)理学院,(070100)数学,不区分方向,                (101)思想政治理论                ,(201)英语（一）                 ,(601)数学分析                 ,(827)高等代数                 
(10694)西藏大学,统考,(003)理学院,(070200)物理学,不区分方向,                (101)思想政治理论                ,(201)英语（一）                 ,(625)数学物理方法                 ,(828)普通物理学                 
(10694)西藏大学,统考,(003)理学院,(070200)物理学,不区分方向,                (101)思想政治理论                ,(201)英语（一）                 ,(625)数学物理方法                 ,(828)普通物理学                 
(10694)西藏大学,统考,(003)理学院,(070200)物理学,不区分方向,                (101)思想政治理论                ,(201)英语（一）                 ,(625)数学物理方法                 ,(828)普通物理学                 
(10694)西藏大学,统考,(003)理学院,(070200)物理学,不区分方向,                (101)思想政治理论                ,(201)英语（一）                 ,(625)数学物理方法                 ,(828)普通物理学                 
(10694)西藏大学,统考,(003)理学院,(071001)植物学,不区分方向,                (101)思想政治理论                ,(201)英语（一）                 ,(626)普通生物学                 ,(829)植物生理学                 
(10694)西藏大学,统考,(003)理学院,(071002)动物学,不区分方向,                (101)思想政治理论                ,(201)英语（一）                 ,(626)普通生物学                 ,(830)普通动物学                 
(10694)西藏大学,统考,(003)理学院,(071005)微生物学,不区分方向,                (101)思想政治理论                ,(201)英语（一）                 ,(626)普通生物学                 ,(831)微生物学                 
(10694)西藏大学,统考,(003)理学院,(071011)生物物理学,不区分方向,                (101)思想政治理论                ,(201)英语（一）                 ,(626)普通生物学                 ,(832)太阳能光伏电池及其应用                 
(10694)西藏大学,统考,(003)理学院,(071300)生态学,不区分方向,                (101)思想政治理论                ,(201)英语（一）                 ,(627)基础生态学                 ,(833)生物多样性                 
(10694)西藏大学,统考,(003)理学院,(071300)生态学,不区分方向,                (101)思想政治理论                ,(201)英语（一）                 ,(627)基础生态学                 ,(834)生态系统生态学                 
(10694)西藏大学,统考,(003)理学院,(071300)生态学,不区分方向,                (101)思想政治理论                ,(201)英语（一）                 ,(627)基础生态学                 ,(835)环境生态学                 
(10694)西藏大学,统考,(003)理学院,(071300)生态学,不区分方向,                (101)思想政治理论                ,(201)英语（一）                 ,(627)基础生态学                 ,(836)可持续生态学                 
(10694)西藏大学,统考,(003)理学院,(077600)环境科学与工程,不区分方向,                (101)思想政治理论                ,(201)英语（一）                 ,(602)数学（高等数学占90分，线性代数占60分）                 ,(837)环境学导论                 
(10694)西藏大学,统考,(003)理学院,(077600)环境科学与工程,不区分方向,                (101)思想政治理论                ,(201)英语（一）                 ,(602)数学（高等数学占90分，线性代数占60分）                 ,(837)环境学导论                 
(10694)西藏大学,统考,(011)信息科学技术学院,(081001)通信与信息系统,不区分方向,                (101)思想政治理论                ,(201)英语（一）                 ,(301)数学（一）                 ,(859)信号与系统                 
(10694)西藏大学,统考,(011)信息科学技术学院,(081001)通信与信息系统,不区分方向,                (101)思想政治理论                ,(201)英语（一）                 ,(301)数学（一）                 ,(859)信号与系统                 
(10694)西藏大学,统考,(011)信息科学技术学院,(081002)信号与信息处理,不区分方向,                (101)思想政治理论                ,(201)英语（一）                 ,(301)数学（一）                 ,(859)信号与系统                 
(10694)西藏大学,统考,(011)信息科学技术学院,(081002)信号与信息处理,不区分方向,                (101)思想政治理论                ,(201)英语（一）                 ,(301)数学（一）                 ,(859)信号与系统                 
(10694)西藏大学,统考,(011)信息科学技术学院,(081201)计算机系统结构,不区分方向,                (101)思想政治理论                ,(201)英语（一）                 ,(301)数学（一）                 ,(860)计算机专业基础综合                 
(10694)西藏大学,统考,(011)信息科学技术学院,(081202)计算机软件与理论,不区分方向,                (101)思想政治理论                ,(201)英语（一）                 ,(301)数学（一）                 ,(860)计算机专业基础综合                 
(10694)西藏大学,统考,(011)信息科学技术学院,(081202)计算机软件与理论,不区分方向,                (101)思想政治理论                ,(201)英语（一）                 ,(301)数学（一）                 ,(860)计算机专业基础综合                 
(10694)西藏大学,统考,(011)信息科学技术学院,(081202)计算机软件与理论,不区分方向,                (101)思想政治理论                ,(201)英语（一）                 ,(301)数学（一）                 ,(860)计算机专业基础综合                 
(10694)西藏大学,统考,(011)信息科学技术学院,(081203)计算机应用技术,不区分方向,                (101)思想政治理论                ,(201)英语（一）                 ,(301)数学（一）                 ,(860)计算机专业基础综合                 
(10694)西藏大学,统考,(011)信息科学技术学院,(081203)计算机应用技术,不区分方向,                (101)思想政治理论                ,(201)英语（一）                 ,(301)数学（一）                 ,(860)计算机专业基础综合                 
(10694)西藏大学,统考,(004)工学院,(081301)建筑历史与理论,不区分方向,                (101)思想政治理论                ,(201)英语（一）                 ,(355)建筑学基础                 ,(501)建筑设计Ⅰ（6小时快题）                 
(10694)西藏大学,统考,(004)工学院,(081302)建筑设计及其理论,不区分方向,                (101)思想政治理论                ,(201)英语（一）                 ,(355)建筑学基础                 ,(501)建筑设计Ⅰ（6小时快题）                 
(10694)西藏大学,统考,(004)工学院,(081302)建筑设计及其理论,不区分方向,                (101)思想政治理论                ,(201)英语（一）                 ,(355)建筑学基础                 ,(501)建筑设计Ⅰ（6小时快题）                 
(10694)西藏大学,统考,(004)工学院,(081304)建筑技术科学,不区分方向,                (101)思想政治理论                ,(201)英语（一）                 ,(355)建筑学基础                 ,(845)建筑物理                 
(10693)西藏农牧学院,统考,(005)水利土木工程学院,(081500)水利工程,不区分方向,                (101)思想政治理论                ,(201)英语（一）                 ,(301)数学（一）                 ,(912)水力学                 
(10693)西藏农牧学院,统考,(005)水利土木工程学院,(081500)水利工程,不区分方向,                (101)思想政治理论                ,(201)英语（一）                 ,(301)数学（一）                 ,(912)水力学                 
(10693)西藏农牧学院,统考,(005)水利土木工程学院,(081500)水利工程,不区分方向,                (101)思想政治理论                ,(201)英语（一）                 ,(301)数学（一）                 ,(912)水力学                 
(10694)西藏大学,统考,(004)工学院,(081801)矿产普查与勘探,不区分方向,                (101)思想政治理论                ,(201)英语（一）                 ,(302)数学（二）                 ,(839)矿产勘查学                 
(10694)西藏大学,统考,(004)工学院,(081801)矿产普查与勘探,不区分方向,                (101)思想政治理论                ,(201)英语（一）                 ,(302)数学（二）                 ,(839)矿产勘查学                 
(10694)西藏大学,统考,(004)工学院,(081801)矿产普查与勘探,不区分方向,                (101)思想政治理论                ,(201)英语（一）                 ,(302)数学（二）                 ,(839)矿产勘查学                 
(10694)西藏大学,统考,(004)工学院,(081801)矿产普查与勘探,不区分方向,                (101)思想政治理论                ,(201)英语（一）                 ,(302)数学（二）                 ,(839)矿产勘查学                 
(10694)西藏大学,统考,(004)工学院,(081802)地球探测与信息技术,不区分方向,                (101)思想政治理论                ,(201)英语（一）                 ,(302)数学（二）                 ,(840)遥感地质学                 
(10694)西藏大学,统考,(004)工学院,(081802)地球探测与信息技术,不区分方向,                (101)思想政治理论                ,(201)英语（一）                 ,(302)数学（二）                 ,(840)遥感地质学                 
(10694)西藏大学,统考,(004)工学院,(081802)地球探测与信息技术,不区分方向,                (101)思想政治理论                ,(201)英语（一）                 ,(302)数学（二）                 ,(840)遥感地质学                 
(10694)西藏大学,统考,(004)工学院,(081802)地球探测与信息技术,不区分方向,                (101)思想政治理论                ,(201)英语（一）                 ,(302)数学（二）                 ,(840)遥感地质学                 
(10694)西藏大学,统考,(004)工学院,(081802)地球探测与信息技术,不区分方向,                (101)思想政治理论                ,(201)英语（一）                 ,(302)数学（二）                 ,(840)遥感地质学                 
(10694)西藏大学,统考,(004)工学院,(081803)地质工程,不区分方向,                (101)思想政治理论                ,(201)英语（一）                 ,(302)数学（二）                 ,(842)工程地质学                 
(10694)西藏大学,统考,(004)工学院,(081803)地质工程,不区分方向,                (101)思想政治理论                ,(201)英语（一）                 ,(302)数学（二）                 ,(842)工程地质学                 
(10694)西藏大学,统考,(004)工学院,(081803)地质工程,不区分方向,                (101)思想政治理论                ,(201)英语（一）                 ,(302)数学（二）                 ,(842)工程地质学                 
(10694)西藏大学,统考,(004)工学院,(081803)地质工程,不区分方向,                (101)思想政治理论                ,(201)英语（一）                 ,(302)数学（二）                 ,(842)工程地质学                 
(10693)西藏农牧学院,统考,(003)食品科学学院,(083200)食品科学与工程,不区分方向,                (101)思想政治理论                ,(201)英语（一）                 ,(302)数学（二）                 ,(906)食品生物化学                 
(10695)西藏民族大学,统考,(009)信息工程学院,(083900)网络空间安全,不区分方向,                (101)思想政治理论                ,(201)英语（一）                 ,(301)数学（一）                 ,(871)网络空间安全专业基础综合                 
(10695)西藏民族大学,统考,(009)信息工程学院,(083900)网络空间安全,不区分方向,                (101)思想政治理论                ,(201)英语（一）                 ,(301)数学（一）                 ,(871)网络空间安全专业基础综合                 
(10695)西藏民族大学,统考,(009)信息工程学院,(083900)网络空间安全,不区分方向,                (101)思想政治理论                ,(201)英语（一）                 ,(301)数学（一）                 ,(871)网络空间安全专业基础综合                 
(10695)西藏民族大学,统考,(009)信息工程学院,(085400)(专业学位)电子信息,不区分方向,                (101)思想政治理论                ,(204)英语（二）                 ,(302)数学（二）                 ,(931)计算机专业基础综合                 
(10695)西藏民族大学,统考,(009)信息工程学院,(085400)(专业学位)电子信息,不区分方向,                (101)思想政治理论                ,(204)英语（二）                 ,(302)数学（二）                 ,(931)计算机专业基础综合                 
(10695)西藏民族大学,统考,(009)信息工程学院,(085700)(专业学位)资源与环境,不区分方向,                (101)思想政治理论                ,(204)英语（二）                 ,(302)数学（二）                 ,(925)环境工程学                 
(10695)西藏民族大学,统考,(009)信息工程学院,(085700)(专业学位)资源与环境,不区分方向,                (101)思想政治理论                ,(204)英语（二）                 ,(302)数学（二）                 ,(925)环境工程学                 
(10693)西藏农牧学院,统考,(007)电气工程学院,(085801)(专业学位)电气工程,不区分方向,                (101)思想政治理论                ,(204)英语（二）                 ,(302)数学（二）                 ,(913)电路                 
(10693)西藏农牧学院,统考,(005)水利土木工程学院,(085900)(专业学位)土木水利,不区分方向,                (101)思想政治理论                ,(204)英语（二）                 ,(302)数学（二）                 ,(911)土力学                 
(10693)西藏农牧学院,统考,(005)水利土木工程学院,(085900)(专业学位)土木水利,不区分方向,                (101)思想政治理论                ,(204)英语（二）                 ,(302)数学（二）                 ,(912)水力学                 
(10694)西藏大学,统考,(004)工学院,(085901)(专业学位)土木工程,不区分方向,                (101)思想政治理论                ,(204)英语（二）                 ,(302)数学（二）                 ,(844)结构力学                 
(10694)西藏大学,统考,(004)工学院,(085901)(专业学位)土木工程,不区分方向,                (101)思想政治理论                ,(204)英语（二）                 ,(302)数学（二）                 ,(844)结构力学                 
(10694)西藏大学,统考,(004)工学院,(085901)(专业学位)土木工程,不区分方向,                (101)思想政治理论                ,(204)英语（二）                 ,(302)数学（二）                 ,(844)结构力学                 
(10694)西藏大学,统考,(004)工学院,(085901)(专业学位)土木工程,不区分方向,                (101)思想政治理论                ,(204)英语（二）                 ,(302)数学（二）                 ,(844)结构力学                 
(10694)西藏大学,统考,(004)工学院,(086101)(专业学位)轨道交通运输,不区分方向,                (101)思想政治理论                ,(204)英语（二）                 ,(302)数学（二）                 ,(846)交通规划原理                 
(10694)西藏大学,统考,(004)工学院,(086101)(专业学位)轨道交通运输,不区分方向,                (101)思想政治理论                ,(204)英语（二）                 ,(302)数学（二）                 ,(846)交通规划原理                 
(10694)西藏大学,统考,(004)工学院,(086101)(专业学位)轨道交通运输,不区分方向,                (101)思想政治理论                ,(204)英语（二）                 ,(302)数学（二）                 ,(846)交通规划原理                 
(10694)西藏大学,统考,(004)工学院,(086101)(专业学位)轨道交通运输,不区分方向,                (101)思想政治理论                ,(204)英语（二）                 ,(302)数学（二）                 ,(846)交通规划原理                 
(10694)西藏大学,统考,(004)工学院,(086102)(专业学位)道路交通运输,不区分方向,                (101)思想政治理论                ,(204)英语（二）                 ,(302)数学（二）                 ,(846)交通规划原理                 
(10694)西藏大学,统考,(004)工学院,(086102)(专业学位)道路交通运输,不区分方向,                (101)思想政治理论                ,(204)英语（二）                 ,(302)数学（二）                 ,(846)交通规划原理                 
(10694)西藏大学,统考,(004)工学院,(086102)(专业学位)道路交通运输,不区分方向,                (101)思想政治理论                ,(204)英语（二）                 ,(302)数学（二）                 ,(846)交通规划原理                 
(10694)西藏大学,统考,(004)工学院,(086102)(专业学位)道路交通运输,不区分方向,                (101)思想政治理论                ,(204)英语（二）                 ,(302)数学（二）                 ,(846)交通规划原理                 
(10693)西藏农牧学院,统考,(001)植物科学学院,(090100)作物学,不区分方向,                (101)思想政治理论                ,(201)英语（一）                 ,(702)植物生理学                 ,(901)植物学                 
(10693)西藏农牧学院,统考,(001)植物科学学院,(090400)植物保护,不区分方向,                (101)思想政治理论                ,(201)英语（一）                 ,(702)植物生理学                 ,(903)植物保护学概论                 
(10693)西藏农牧学院,统考,(002)动物科学学院,(090600)兽医学,不区分方向,                (101)思想政治理论                ,(201)英语（一）                 ,(701)化学                 ,(909)动物生理与生物化学                 
(10693)西藏农牧学院,统考,(004)资源与环境学院,(090700)林学,不区分方向,                (101)思想政治理论                ,(201)英语（一）                 ,(703)森林培育                 ,(901)植物学                 
(10693)西藏农牧学院,统考,(002)动物科学学院,(090900)草学,不区分方向,                (101)思想政治理论                ,(201)英语（一）                 ,(704)生态学                 ,(901)植物学                 
(10693)西藏农牧学院,统考,(001)植物科学学院,(095131)(专业学位)农艺与种业,不区分方向,                (101)思想政治理论                ,(204)英语（二）                 ,(339)农业知识综合一                 ,(902)作物栽培学                 
(10693)西藏农牧学院,统考,(001)植物科学学院,(095132)(专业学位)资源利用与植物保护,不区分方向,                (101)思想政治理论                ,(204)英语（二）                 ,(339)农业知识综合一                 ,(903)植物保护学概论                 
(10693)西藏农牧学院,统考,(001)植物科学学院,(095137)(专业学位)农业管理,不区分方向,                (101)思想政治理论                ,(204)英语（二）                 ,(342)农业知识综合四                 ,(907)西方经济学                 
(10693)西藏农牧学院,统考,(001)植物科学学院,(095138)(专业学位)农村发展,不区分方向,                (101)思想政治理论                ,(204)英语（二）                 ,(342)农业知识综合四                 ,(907)西方经济学                 
(10693)西藏农牧学院,统考,(002)动物科学学院,(095133)(专业学位)畜牧,不区分方向,                (101)思想政治理论                ,(204)英语（二）                 ,(340)农业知识综合二                 ,(904)畜牧学概论                 
(10693)西藏农牧学院,统考,(003)食品科学学院,(095135)(专业学位)食品加工与安全,不区分方向,                (101)思想政治理论                ,(204)英语（二）                 ,(341)农业知识综合三                 ,(905)食品微生物学                 
(10693)西藏农牧学院,统考,(004)资源与环境学院,(095132)(专业学位)资源利用与植物保护,不区分方向,                (101)思想政治理论                ,(204)英语（二）                 ,(339)农业知识综合一                 ,(910)土壤学                 
(10693)西藏农牧学院,统考,(002)动物科学学院,(095200)(专业学位)兽医,不区分方向,                (101)思想政治理论                ,(204)英语（二）                 ,(343)兽医基础                 ,(908)兽医临床                 
(10693)西藏农牧学院,统考,(004)资源与环境学院,(095300)(专业学位)风景园林,不区分方向,                (101)思想政治理论                ,(204)英语（二）                 ,(344)风景园林基础                 ,(501)快题设计                 
(10694)西藏大学,统考,(005)医学院,(100100)基础医学,不区分方向,                (101)思想政治理论                ,(201)英语（一）                 ,(628)基础医学综合                 ,(--)无                 
(10694)西藏大学,统考,(005)医学院,(100100)基础医学,不区分方向,                (101)思想政治理论                ,(201)英语（一）                 ,(628)基础医学综合                 ,(--)无                 
(10694)西藏大学,统考,(005)医学院,(100100)基础医学,不区分方向,                (101)思想政治理论                ,(201)英语（一）                 ,(628)基础医学综合                 ,(--)无                 
(10695)西藏民族大学,统考,(004)医学部,(100101)人体解剖与组织胚胎学,不区分方向,                (101)思想政治理论                ,(201)英语（一）                 ,(641)基础医学综合                 ,(--)无                 
(10695)西藏民族大学,统考,(004)医学部,(100102)免疫学,不区分方向,                (101)思想政治理论                ,(201)英语（一）                 ,(641)基础医学综合                 ,(--)无                 
(10695)西藏民族大学,统考,(004)医学部,(100104)病理学与病理生理学,不区分方向,                (101)思想政治理论                ,(201)英语（一）                 ,(641)基础医学综合                 ,(--)无                 
(10695)西藏民族大学,统考,(004)医学部,(1001Z1)高原医学,不区分方向,                (101)思想政治理论                ,(201)英语（一）                 ,(641)基础医学综合                 ,(--)无                 
(10696)西藏藏医药大学,统考,(000)不区分院系所,(100513)民族医学（含：藏医学、蒙医学等）,不区分方向,                (101)思想政治理论                ,(201)英语（一）                 ,(611)藏医综合                 ,(--)无                 
(10694)西藏大学,统考,(005)医学院,(100701)药物化学,不区分方向,                (101)思想政治理论                ,(201)英语（一）                 ,(629)药学基础综合                 ,(--)无                 
(10694)西藏大学,统考,(005)医学院,(100701)药物化学,不区分方向,                (101)思想政治理论                ,(201)英语（一）                 ,(629)药学基础综合                 ,(--)无                 
(10694)西藏大学,统考,(005)医学院,(100703)生药学,不区分方向,                (101)思想政治理论                ,(201)英语（一）                 ,(629)药学基础综合                 ,(--)无                 
(10694)西藏大学,统考,(005)医学院,(100703)生药学,不区分方向,                (101)思想政治理论                ,(201)英语（一）                 ,(629)药学基础综合                 ,(--)无                 
(10694)西藏大学,统考,(005)医学院,(100703)生药学,不区分方向,                (101)思想政治理论                ,(201)英语（一）                 ,(629)药学基础综合                 ,(--)无                 
(10694)西藏大学,统考,(005)医学院,(100703)生药学,不区分方向,                (101)思想政治理论                ,(201)英语（一）                 ,(629)药学基础综合                 ,(--)无                 
(10694)西藏大学,统考,(005)医学院,(100703)生药学,不区分方向,                (101)思想政治理论                ,(201)英语（一）                 ,(629)药学基础综合                 ,(--)无                 
(10694)西藏大学,统考,(005)医学院,(100703)生药学,不区分方向,                (101)思想政治理论                ,(201)英语（一）                 ,(629)药学基础综合                 ,(--)无                 
(10694)西藏大学,统考,(005)医学院,(100703)生药学,不区分方向,                (101)思想政治理论                ,(201)英语（一）                 ,(629)药学基础综合                 ,(--)无                 
(10694)西藏大学,统考,(005)医学院,(100704)药物分析学,不区分方向,                (101)思想政治理论                ,(201)英语（一）                 ,(629)药学基础综合                 ,(--)无                 
(10694)西藏大学,统考,(005)医学院,(100704)药物分析学,不区分方向,                (101)思想政治理论                ,(201)英语（一）                 ,(629)药学基础综合                 ,(--)无                 
(10694)西藏大学,统考,(005)医学院,(100704)药物分析学,不区分方向,                (101)思想政治理论                ,(201)英语（一）                 ,(629)药学基础综合                 ,(--)无                 
(10694)西藏大学,统考,(005)医学院,(100706)药理学,不区分方向,                (101)思想政治理论                ,(201)英语（一）                 ,(629)药学基础综合                 ,(--)无                 
(10694)西藏大学,统考,(005)医学院,(100706)药理学,不区分方向,                (101)思想政治理论                ,(201)英语（一）                 ,(629)药学基础综合                 ,(--)无                 
(10694)西藏大学,统考,(005)医学院,(100706)药理学,不区分方向,                (101)思想政治理论                ,(201)英语（一）                 ,(629)药学基础综合                 ,(--)无                 
(10694)西藏大学,统考,(005)医学院,(100706)药理学,不区分方向,                (101)思想政治理论                ,(201)英语（一）                 ,(629)药学基础综合                 ,(--)无                 
(10696)西藏藏医药大学,统考,(000)不区分院系所,(100800)中药学,不区分方向,                (101)思想政治理论                ,(201)英语（一）                 ,(612)藏药综合                 ,(--)无                 
(10694)西藏大学,统考,(005)医学院,(105101)(专业学位)内科学,不区分方向,                (101)思想政治理论                ,(201)英语（一）                 ,(306)临床医学综合能力（西医）                 ,(--)无                 
(10694)西藏大学,统考,(005)医学院,(105101)(专业学位)内科学,不区分方向,                (101)思想政治理论                ,(201)英语（一）                 ,(306)临床医学综合能力（西医）                 ,(--)无                 
(10694)西藏大学,统考,(005)医学院,(105101)(专业学位)内科学,不区分方向,                (101)思想政治理论                ,(201)英语（一）                 ,(306)临床医学综合能力（西医）                 ,(--)无                 
(10694)西藏大学,统考,(005)医学院,(105101)(专业学位)内科学,不区分方向,                (101)思想政治理论                ,(201)英语（一）                 ,(306)临床医学综合能力（西医）                 ,(--)无                 
(10694)西藏大学,统考,(005)医学院,(105101)(专业学位)内科学,不区分方向,                (101)思想政治理论                ,(201)英语（一）                 ,(306)临床医学综合能力（西医）                 ,(--)无                 
(10694)西藏大学,统考,(005)医学院,(105101)(专业学位)内科学,不区分方向,                (101)思想政治理论                ,(201)英语（一）                 ,(306)临床医学综合能力（西医）                 ,(--)无                 
(10694)西藏大学,统考,(005)医学院,(105102)(专业学位)儿科学,不区分方向,                (101)思想政治理论                ,(201)英语（一）                 ,(306)临床医学综合能力（西医）                 ,(--)无                 
(10694)西藏大学,统考,(005)医学院,(105103)(专业学位)老年医学,不区分方向,                (101)思想政治理论                ,(201)英语（一）                 ,(306)临床医学综合能力（西医）                 ,(--)无                 
(10694)西藏大学,统考,(005)医学院,(105104)(专业学位)神经病学,不区分方向,                (101)思想政治理论                ,(201)英语（一）                 ,(306)临床医学综合能力（西医）                 ,(--)无                 
(10694)西藏大学,统考,(005)医学院,(105106)(专业学位)皮肤病与性病学,不区分方向,                (101)思想政治理论                ,(201)英语（一）                 ,(306)临床医学综合能力（西医）                 ,(--)无                 
(10694)西藏大学,统考,(005)医学院,(105111)(专业学位)外科学,不区分方向,                (101)思想政治理论                ,(201)英语（一）                 ,(306)临床医学综合能力（西医）                 ,(--)无                 
(10694)西藏大学,统考,(005)医学院,(105111)(专业学位)外科学,不区分方向,                (101)思想政治理论                ,(201)英语（一）                 ,(306)临床医学综合能力（西医）                 ,(--)无                 
(10694)西藏大学,统考,(005)医学院,(105111)(专业学位)外科学,不区分方向,                (101)思想政治理论                ,(201)英语（一）                 ,(306)临床医学综合能力（西医）                 ,(--)无                 
(10694)西藏大学,统考,(005)医学院,(105111)(专业学位)外科学,不区分方向,                (101)思想政治理论                ,(201)英语（一）                 ,(306)临床医学综合能力（西医）                 ,(--)无                 
(10694)西藏大学,统考,(005)医学院,(105111)(专业学位)外科学,不区分方向,                (101)思想政治理论                ,(201)英语（一）                 ,(306)临床医学综合能力（西医）                 ,(--)无                 
(10694)西藏大学,统考,(005)医学院,(105111)(专业学位)外科学,不区分方向,                (101)思想政治理论                ,(201)英语（一）                 ,(306)临床医学综合能力（西医）                 ,(--)无                 
(10694)西藏大学,统考,(005)医学院,(105113)(专业学位)骨科学,不区分方向,                (101)思想政治理论                ,(201)英语（一）                 ,(306)临床医学综合能力（西医）                 ,(--)无                 
(10694)西藏大学,统考,(005)医学院,(105113)(专业学位)骨科学,不区分方向,                (101)思想政治理论                ,(201)英语（一）                 ,(306)临床医学综合能力（西医）                 ,(--)无                 
(10694)西藏大学,统考,(005)医学院,(105115)(专业学位)妇产科学,不区分方向,                (101)思想政治理论                ,(201)英语（一）                 ,(306)临床医学综合能力（西医）                 ,(--)无                 
(10694)西藏大学,统考,(005)医学院,(105115)(专业学位)妇产科学,不区分方向,                (101)思想政治理论                ,(201)英语（一）                 ,(306)临床医学综合能力（西医）                 ,(--)无                 
(10694)西藏大学,统考,(005)医学院,(105115)(专业学位)妇产科学,不区分方向,                (101)思想政治理论                ,(201)英语（一）                 ,(306)临床医学综合能力（西医）                 ,(--)无                 
(10694)西藏大学,统考,(005)医学院,(105115)(专业学位)妇产科学,不区分方向,                (101)思想政治理论                ,(201)英语（一）                 ,(306)临床医学综合能力（西医）                 ,(--)无                 
(10694)西藏大学,统考,(005)医学院,(105117)(专业学位)耳鼻咽喉科学,不区分方向,                (101)思想政治理论                ,(201)英语（一）                 ,(306)临床医学综合能力（西医）                 ,(--)无                 
(10694)西藏大学,统考,(005)医学院,(105118)(专业学位)麻醉学,不区分方向,                (101)思想政治理论                ,(201)英语（一）                 ,(306)临床医学综合能力（西医）                 ,(--)无                 
(10694)西藏大学,统考,(005)医学院,(105121)(专业学位)肿瘤学,不区分方向,                (101)思想政治理论                ,(201)英语（一）                 ,(306)临床医学综合能力（西医）                 ,(--)无                 
(10694)西藏大学,统考,(005)医学院,(105123)(专业学位)放射影像学,不区分方向,                (101)思想政治理论                ,(201)英语（一）                 ,(306)临床医学综合能力（西医）                 ,(--)无                 
(10694)西藏大学,统考,(005)医学院,(105124)(专业学位)超声医学,不区分方向,                (101)思想政治理论                ,(201)英语（一）                 ,(306)临床医学综合能力（西医）                 ,(--)无                 
(10695)西藏民族大学,统考,(004)医学部,(105101)(专业学位)内科学,不区分方向,                (101)思想政治理论                ,(201)英语（一）                 ,(306)临床医学综合能力（西医）                 ,(--)无                 
(10695)西藏民族大学,统考,(004)医学部,(105102)(专业学位)儿科学,不区分方向,                (101)思想政治理论                ,(201)英语（一）                 ,(306)临床医学综合能力（西医）                 ,(--)无                 
(10695)西藏民族大学,统考,(004)医学部,(105111)(专业学位)外科学,不区分方向,                (101)思想政治理论                ,(201)英语（一）                 ,(306)临床医学综合能力（西医）                 ,(--)无                 
(10695)西藏民族大学,统考,(004)医学部,(105115)(专业学位)妇产科学,不区分方向,                (101)思想政治理论                ,(201)英语（一）                 ,(306)临床医学综合能力（西医）                 ,(--)无                 
(10694)西藏大学,统考,(005)医学院,(105300)(专业学位)公共卫生,不区分方向,                (101)思想政治理论                ,(201)英语（一）                 ,(353)卫生综合                 ,(--)无                 
(10694)西藏大学,统考,(005)医学院,(105300)(专业学位)公共卫生,不区分方向,                (101)思想政治理论                ,(201)英语（一）                 ,(353)卫生综合                 ,(--)无                 
(10694)西藏大学,统考,(005)医学院,(105300)(专业学位)公共卫生,不区分方向,                (101)思想政治理论                ,(201)英语（一）                 ,(353)卫生综合                 ,(--)无                 
(10695)西藏民族大学,统考,(004)医学部,(105400)(专业学位)护理,不区分方向,                (101)思想政治理论                ,(201)英语（一）                 ,(308)护理综合                 ,(--)无                 
(10695)西藏民族大学,统考,(004)医学部,(105400)(专业学位)护理,不区分方向,                (101)思想政治理论                ,(201)英语（一）                 ,(308)护理综合                 ,(--)无                 
(10695)西藏民族大学,统考,(004)医学部,(105400)(专业学位)护理,不区分方向,                (101)思想政治理论                ,(201)英语（一）                 ,(308)护理综合                 ,(--)无                 
(10696)西藏藏医药大学,统考,(000)不区分院系所,(105708)(专业学位)民族医学（含：藏医学、蒙医学等）,不区分方向,                (101)思想政治理论                ,(201)英语（一）                 ,(711)藏医综合                 ,(--)无                 
(10695)西藏民族大学,统考,(006)管理学院,(120201)会计学,不区分方向,                (101)思想政治理论                ,(201)英语（一）                 ,(303)数学（三）                 ,(861)管理学                 
(10695)西藏民族大学,统考,(006)管理学院,(120202)企业管理,不区分方向,                (101)思想政治理论                ,(201)英语（一）                 ,(303)数学（三）                 ,(861)管理学                 
(10695)西藏民族大学,统考,(006)管理学院,(120203)旅游管理,不区分方向,                (101)思想政治理论                ,(201)英语（一）                 ,(303)数学（三）                 ,(861)管理学                 
(10693)西藏农牧学院,统考,(001)植物科学学院,(120300)农林经济管理,不区分方向,                (101)思想政治理论                ,(201)英语（一）                 ,(303)数学（三）                 ,(907)西方经济学                 
(10694)西藏大学,统考,(006)经济与管理学院,(120401)行政管理,不区分方向,                (101)思想政治理论                ,(201)英语（一）                 ,(631)业务综合（二）                 ,(848)公共管理学                 
(10694)西藏大学,统考,(006)经济与管理学院,(1204Z1)公共政策,不区分方向,                (101)思想政治理论                ,(201)英语（一）                 ,(631)业务综合（二）                 ,(848)公共管理学                 
(10694)西藏大学,统考,(006)经济与管理学院,(1204Z2)组织人事管理,不区分方向,                (101)思想政治理论                ,(201)英语（一）                 ,(631)业务综合（二）                 ,(848)公共管理学                 
(10695)西藏民族大学,统考,(006)管理学院,(125100)(专业学位)工商管理,不区分方向,                (199)管理类综合能力                ,(204)英语（二）                 ,(-)无                 ,(--)无                 
(10695)西藏民族大学,统考,(006)管理学院,(125100)(专业学位)工商管理,不区分方向,                (199)管理类综合能力                ,(204)英语（二）                 ,(-)无                 ,(--)无                 
(10695)西藏民族大学,统考,(006)管理学院,(125100)(专业学位)工商管理,不区分方向,                (199)管理类综合能力                ,(204)英语（二）                 ,(-)无                 ,(--)无                 
(10695)西藏民族大学,统考,(006)管理学院,(125100)(专业学位)工商管理,不区分方向,                (199)管理类综合能力                ,(204)英语（二）                 ,(-)无                 ,(--)无                 
(10695)西藏民族大学,统考,(006)管理学院,(125100)(专业学位)工商管理,不区分方向,                (199)管理类综合能力                ,(204)英语（二）                 ,(-)无                 ,(--)无                 
(10695)西藏民族大学,统考,(006)管理学院,(125100)(专业学位)工商管理,不区分方向,                (199)管理类综合能力                ,(204)英语（二）                 ,(-)无                 ,(--)无                 
(10694)西藏大学,统考,(006)经济与管理学院,(125200)(专业学位)公共管理,不区分方向,                (199)管理类综合能力                ,(204)英语（二）                 ,(-)无                 ,(--)无                 
(10694)西藏大学,统考,(006)经济与管理学院,(125200)(专业学位)公共管理,不区分方向,                (199)管理类综合能力                ,(204)英语（二）                 ,(-)无                 ,(--)无                 
(10694)西藏大学,统考,(006)经济与管理学院,(125200)(专业学位)公共管理,不区分方向,                (199)管理类综合能力                ,(204)英语（二）                 ,(-)无                 ,(--)无                 
(10695)西藏民族大学,统考,(006)管理学院,(125200)(专业学位)公共管理,不区分方向,                (199)管理类综合能力                ,(204)英语（二）                 ,(-)无                 ,(--)无                 
(10695)西藏民族大学,统考,(006)管理学院,(125200)(专业学位)公共管理,不区分方向,                (199)管理类综合能力                ,(204)英语（二）                 ,(-)无                 ,(--)无                 
(10694)西藏大学,统考,(010)财经学院,(125300)(专业学位)会计,不区分方向,                (199)管理类综合能力                ,(204)英语（二）                 ,(-)无                 ,(--)无                 
(10695)西藏民族大学,统考,(008)财经学院,(125300)(专业学位)会计,不区分方向,                (199)管理类综合能力                ,(204)英语（二）                 ,(-)无                 ,(--)无                 
(10695)西藏民族大学,统考,(008)财经学院,(125300)(专业学位)会计,不区分方向,                (199)管理类综合能力                ,(204)英语（二）                 ,(-)无                 ,(--)无                 
(10695)西藏民族大学,统考,(008)财经学院,(125300)(专业学位)会计,不区分方向,                (199)管理类综合能力                ,(204)英语（二）                 ,(-)无                 ,(--)无                 
(10695)西藏民族大学,统考,(008)财经学院,(125300)(专业学位)会计,不区分方向,                (199)管理类综合能力                ,(204)英语（二）                 ,(-)无                 ,(--)无                 
(10694)西藏大学,统考,(012)旅游与外语学院,(125400)(专业学位)旅游管理,不区分方向,                (199)管理类综合能力                ,(204)英语（二）                 ,(-)无                 ,(--)无                 
(10695)西藏民族大学,统考,(006)管理学院,(125400)(专业学位)旅游管理,不区分方向,                (199)管理类综合能力                ,(204)英语（二）                 ,(-)无                 ,(--)无                 
(10695)西藏民族大学,统考,(006)管理学院,(125400)(专业学位)旅游管理,不区分方向,                (199)管理类综合能力                ,(204)英语（二）                 ,(-)无                 ,(--)无                 
(10695)西藏民族大学,统考,(006)管理学院,(125400)(专业学位)旅游管理,不区分方向,                (199)管理类综合能力                ,(204)英语（二）                 ,(-)无                 ,(--)无                 
(10695)西藏民族大学,统考,(006)管理学院,(125400)(专业学位)旅游管理,不区分方向,                (199)管理类综合能力                ,(204)英语（二）                 ,(-)无                 ,(--)无                 
(10695)西藏民族大学,统考,(006)管理学院,(125400)(专业学位)旅游管理,不区分方向,                (199)管理类综合能力                ,(204)英语（二）                 ,(-)无                 ,(--)无                 
(10695)西藏民族大学,统考,(006)管理学院,(125400)(专业学位)旅游管理,不区分方向,                (199)管理类综合能力                ,(204)英语（二）                 ,(-)无                 ,(--)无                 
(10695)西藏民族大学,统考,(006)管理学院,(125500)(专业学位)图书情报,不区分方向,                (199)管理类综合能力                ,(204)英语（二）                 ,(-)无                 ,(--)无                 
(10695)西藏民族大学,统考,(006)管理学院,(125500)(专业学位)图书情报,不区分方向,                (199)管理类综合能力                ,(204)英语（二）                 ,(-)无                 ,(--)无                 
(10695)西藏民族大学,统考,(006)管理学院,(125500)(专业学位)图书情报,不区分方向,                (199)管理类综合能力                ,(204)英语（二）                 ,(-)无                 ,(--)无                 
(10695)西藏民族大学,统考,(006)管理学院,(125601)(专业学位)工程管理,不区分方向,                (199)管理类综合能力                ,(204)英语（二）                 ,(-)无                 ,(--)无                 
(10694)西藏大学,统考,(002)艺术学院,(130200)音乐与舞蹈学,不区分方向,                (101)思想政治理论                ,(201)英语（一）                 ,(624)音乐综合理论                 ,(817)音乐综合史论                 
(10694)西藏大学,统考,(002)艺术学院,(130200)音乐与舞蹈学,不区分方向,                (101)思想政治理论                ,(201)英语（一）                 ,(621)舞蹈综合理论                 ,(814)舞蹈综合史论                 
(10694)西藏大学,统考,(002)艺术学院,(130400)美术学,不区分方向,                (101)思想政治理论                ,(201)英语（一）                 ,(623)美术综合理论                 ,(816)美术综合史论                 
(10694)西藏大学,统考,(002)艺术学院,(130400)美术学,不区分方向,                (101)思想政治理论                ,(201)英语（一）                 ,(623)美术综合理论                 ,(816)美术综合史论                 
(10694)西藏大学,统考,(002)艺术学院,(135101)(专业学位)音乐,不区分方向,                (101)思想政治理论                ,(204)英语（二）                 ,(336)艺术基础                 ,(818)音乐创作                 
(10694)西藏大学,统考,(002)艺术学院,(135101)(专业学位)音乐,不区分方向,                (101)思想政治理论                ,(204)英语（二）                 ,(336)艺术基础                 ,(819)音乐综合                 
(10694)西藏大学,统考,(002)艺术学院,(135101)(专业学位)音乐,不区分方向,                (101)思想政治理论                ,(204)英语（二）                 ,(336)艺术基础                 ,(820)音乐教育                 
(10694)西藏大学,统考,(002)艺术学院,(135107)(专业学位)美术,不区分方向,                (101)思想政治理论                ,(204)英语（二）                 ,(336)艺术基础                 ,(821)艺术创作                 
(10694)西藏大学,统考,(002)艺术学院,(135107)(专业学位)美术,不区分方向,                (101)思想政治理论                ,(204)英语（二）                 ,(336)艺术基础                 ,(822)油画创作                 
